{"offset":13,"length":31,"values":[0.00012,0.00117,0.00419,0.01103,0.02668,0.04916,0.06901,0.07998,0.0833,0.08148,0.07768,0.07195,0.06605,0.06113,0.05648,0.051,0.04488,0.03895,0.03338,0.02783,0.0218,0.01565,0.0106,0.0068,0.0042,0.0025,0.00145,0.00085,0.00045,0.0002,0.00005]}