{"offset":13,"length":30,"values":[0.000228,0.002211,0.0074,0.015513,0.029448,0.049806,0.068592,0.07857,0.081199,0.07874,0.073885,0.068585,0.064385,0.061332,0.05784,0.05296,0.047749,0.042205,0.035907,0.02875,0.02113,0.014415,0.00946,0.00581,0.00356,0.00206,0.00122,0.00066,0.000285,0.000095]}