{"offset":13,"length":25,"values":[0.000855,0.003755,0.00944,0.02084,0.037955,0.058975,0.07899,0.090415,0.09117,0.083865,0.074085,0.065545,0.06016,0.056495,0.053415,0.04935,0.04398,0.0382,0.03127,0.023815,0.01613,0.00914,0.00435,0.001425,0.00038]}